{
  "LandingPage-183" : {
    "transaction" : "LandingPage-183",
    "sampleCount" : 1,
    "errorCount" : 0,
    "errorPct" : 0.0,
    "meanResTime" : 487.0,
    "medianResTime" : 487.0,
    "minResTime" : 487.0,
    "maxResTime" : 487.0,
    "pct1ResTime" : 487.0,
    "pct2ResTime" : 487.0,
    "pct3ResTime" : 487.0,
    "throughput" : 2.053388090349076,
    "receivedKBytesPerSec" : 3.1903715349075976,
    "sentKBytesPerSec" : 0.8021047227926078
  },
  "LandingPage-182" : {
    "transaction" : "LandingPage-182",
    "sampleCount" : 1,
    "errorCount" : 0,
    "errorPct" : 0.0,
    "meanResTime" : 191.0,
    "medianResTime" : 191.0,
    "minResTime" : 191.0,
    "maxResTime" : 191.0,
    "pct1ResTime" : 191.0,
    "pct2ResTime" : 191.0,
    "pct3ResTime" : 191.0,
    "throughput" : 5.235602094240838,
    "receivedKBytesPerSec" : 3.318267342931937,
    "sentKBytesPerSec" : 2.2905759162303663
  },
  "SignUp" : {
    "transaction" : "SignUp",
    "sampleCount" : 1,
    "errorCount" : 0,
    "errorPct" : 0.0,
    "meanResTime" : 1010.0,
    "medianResTime" : 1010.0,
    "minResTime" : 1010.0,
    "maxResTime" : 1010.0,
    "pct1ResTime" : 1010.0,
    "pct2ResTime" : 1010.0,
    "pct3ResTime" : 1010.0,
    "throughput" : 0.9900990099009901,
    "receivedKBytesPerSec" : 0.7261370668316831,
    "sentKBytesPerSec" : 0.9852645420792079
  },
  "SignUp-194" : {
    "transaction" : "SignUp-194",
    "sampleCount" : 1,
    "errorCount" : 0,
    "errorPct" : 0.0,
    "meanResTime" : 542.0,
    "medianResTime" : 542.0,
    "minResTime" : 542.0,
    "maxResTime" : 542.0,
    "pct1ResTime" : 542.0,
    "pct2ResTime" : 542.0,
    "pct3ResTime" : 542.0,
    "throughput" : 1.8450184501845017,
    "receivedKBytesPerSec" : 0.5441363007380073,
    "sentKBytesPerSec" : 0.9333198800738006
  },
  "SignUp-193" : {
    "transaction" : "SignUp-193",
    "sampleCount" : 1,
    "errorCount" : 0,
    "errorPct" : 0.0,
    "meanResTime" : 468.0,
    "medianResTime" : 468.0,
    "minResTime" : 468.0,
    "maxResTime" : 468.0,
    "pct1ResTime" : 468.0,
    "pct2ResTime" : 468.0,
    "pct3ResTime" : 468.0,
    "throughput" : 2.136752136752137,
    "receivedKBytesPerSec" : 0.9369157318376068,
    "sentKBytesPerSec" : 1.0454226762820513
  },
  "PhoneCat" : {
    "transaction" : "PhoneCat",
    "sampleCount" : 1,
    "errorCount" : 0,
    "errorPct" : 0.0,
    "meanResTime" : 857.0,
    "medianResTime" : 857.0,
    "minResTime" : 857.0,
    "maxResTime" : 857.0,
    "pct1ResTime" : 857.0,
    "pct2ResTime" : 857.0,
    "pct3ResTime" : 857.0,
    "throughput" : 1.1668611435239205,
    "receivedKBytesPerSec" : 1.8539873833138856,
    "sentKBytesPerSec" : 1.1178620915985997
  },
  "PhoneCat-384" : {
    "transaction" : "PhoneCat-384",
    "sampleCount" : 1,
    "errorCount" : 0,
    "errorPct" : 0.0,
    "meanResTime" : 187.0,
    "medianResTime" : 187.0,
    "minResTime" : 187.0,
    "maxResTime" : 187.0,
    "pct1ResTime" : 187.0,
    "pct2ResTime" : 187.0,
    "pct3ResTime" : 187.0,
    "throughput" : 5.347593582887701,
    "receivedKBytesPerSec" : 2.3447944518716577,
    "sentKBytesPerSec" : 2.611129679144385
  },
  "PhoneCat-385" : {
    "transaction" : "PhoneCat-385",
    "sampleCount" : 1,
    "errorCount" : 0,
    "errorPct" : 0.0,
    "meanResTime" : 670.0,
    "medianResTime" : 670.0,
    "minResTime" : 670.0,
    "maxResTime" : 670.0,
    "pct1ResTime" : 670.0,
    "pct2ResTime" : 670.0,
    "pct3ResTime" : 670.0,
    "throughput" : 1.492537313432836,
    "receivedKBytesPerSec" : 1.717000932835821,
    "sentKBytesPerSec" : 0.701084421641791
  },
  "Login" : {
    "transaction" : "Login",
    "sampleCount" : 1,
    "errorCount" : 0,
    "errorPct" : 0.0,
    "meanResTime" : 2070.0,
    "medianResTime" : 2070.0,
    "minResTime" : 2070.0,
    "maxResTime" : 2070.0,
    "pct1ResTime" : 2070.0,
    "pct2ResTime" : 2070.0,
    "pct3ResTime" : 2070.0,
    "throughput" : 0.4830917874396135,
    "receivedKBytesPerSec" : 4.482280344202899,
    "sentKBytesPerSec" : 1.5582540760869565
  },
  "LandingPage" : {
    "transaction" : "LandingPage",
    "sampleCount" : 1,
    "errorCount" : 0,
    "errorPct" : 0.0,
    "meanResTime" : 1916.0,
    "medianResTime" : 1916.0,
    "minResTime" : 1916.0,
    "maxResTime" : 1916.0,
    "pct1ResTime" : 1916.0,
    "pct2ResTime" : 1916.0,
    "pct3ResTime" : 1916.0,
    "throughput" : 0.521920668058455,
    "receivedKBytesPerSec" : 3.671793449895616,
    "sentKBytesPerSec" : 0.6620849099686847
  },
  "Login-195" : {
    "transaction" : "Login-195",
    "sampleCount" : 1,
    "errorCount" : 0,
    "errorPct" : 0.0,
    "meanResTime" : 193.0,
    "medianResTime" : 193.0,
    "minResTime" : 193.0,
    "maxResTime" : 193.0,
    "pct1ResTime" : 193.0,
    "pct2ResTime" : 193.0,
    "pct3ResTime" : 193.0,
    "throughput" : 5.181347150259067,
    "receivedKBytesPerSec" : 2.271899287564767,
    "sentKBytesPerSec" : 2.5299546632124352
  },
  "Login-197" : {
    "transaction" : "Login-197",
    "sampleCount" : 1,
    "errorCount" : 0,
    "errorPct" : 0.0,
    "meanResTime" : 201.0,
    "medianResTime" : 201.0,
    "minResTime" : 201.0,
    "maxResTime" : 201.0,
    "pct1ResTime" : 201.0,
    "pct2ResTime" : 201.0,
    "pct3ResTime" : 201.0,
    "throughput" : 4.975124378109452,
    "receivedKBytesPerSec" : 24.831895211442784,
    "sentKBytesPerSec" : 2.191192475124378
  },
  "LandingPage-166" : {
    "transaction" : "LandingPage-166",
    "sampleCount" : 1,
    "errorCount" : 0,
    "errorPct" : 0.0,
    "meanResTime" : 1238.0,
    "medianResTime" : 1238.0,
    "minResTime" : 1238.0,
    "maxResTime" : 1238.0,
    "pct1ResTime" : 1238.0,
    "pct2ResTime" : 1238.0,
    "pct3ResTime" : 1238.0,
    "throughput" : 0.8077544426494346,
    "receivedKBytesPerSec" : 3.9157158723747982,
    "sentKBytesPerSec" : 0.35575903675282716
  },
  "Login-196" : {
    "transaction" : "Login-196",
    "sampleCount" : 1,
    "errorCount" : 0,
    "errorPct" : 0.0,
    "meanResTime" : 236.0,
    "medianResTime" : 236.0,
    "minResTime" : 236.0,
    "maxResTime" : 236.0,
    "pct1ResTime" : 236.0,
    "pct2ResTime" : 236.0,
    "pct3ResTime" : 236.0,
    "throughput" : 4.237288135593221,
    "receivedKBytesPerSec" : 2.2800251588983054,
    "sentKBytesPerSec" : 2.1393339512711864
  },
  "Login-214" : {
    "transaction" : "Login-214",
    "sampleCount" : 1,
    "errorCount" : 0,
    "errorPct" : 0.0,
    "meanResTime" : 213.0,
    "medianResTime" : 213.0,
    "minResTime" : 213.0,
    "maxResTime" : 213.0,
    "pct1ResTime" : 213.0,
    "pct2ResTime" : 213.0,
    "pct3ResTime" : 213.0,
    "throughput" : 4.694835680751174,
    "receivedKBytesPerSec" : 7.647447183098592,
    "sentKBytesPerSec" : 1.8339201877934272
  },
  "Login-213" : {
    "transaction" : "Login-213",
    "sampleCount" : 1,
    "errorCount" : 0,
    "errorPct" : 0.0,
    "meanResTime" : 182.0,
    "medianResTime" : 182.0,
    "minResTime" : 182.0,
    "maxResTime" : 182.0,
    "pct1ResTime" : 182.0,
    "pct2ResTime" : 182.0,
    "pct3ResTime" : 182.0,
    "throughput" : 5.4945054945054945,
    "receivedKBytesPerSec" : 3.3052884615384617,
    "sentKBytesPerSec" : 2.4038461538461537
  },
  "Login-216" : {
    "transaction" : "Login-216",
    "sampleCount" : 1,
    "errorCount" : 0,
    "errorPct" : 0.0,
    "meanResTime" : 554.0,
    "medianResTime" : 554.0,
    "minResTime" : 554.0,
    "maxResTime" : 554.0,
    "pct1ResTime" : 554.0,
    "pct2ResTime" : 554.0,
    "pct3ResTime" : 554.0,
    "throughput" : 1.8050541516245489,
    "receivedKBytesPerSec" : 1.1581255640794224,
    "sentKBytesPerSec" : 0.8584583709386281
  },
  "Total" : {
    "transaction" : "Total",
    "sampleCount" : 14,
    "errorCount" : 0,
    "errorPct" : 0.0,
    "meanResTime" : 418.0714285714286,
    "medianResTime" : 352.0,
    "minResTime" : 182.0,
    "maxResTime" : 1238.0,
    "pct1ResTime" : 954.0,
    "pct2ResTime" : 1238.0,
    "pct3ResTime" : 1238.0,
    "throughput" : 2.177293934681182,